{
  "name": "customer",
  "base": "PersistedModel",
  "idInjection": true,
  "options": {
    "validateUpsert": true
  },
  "properties": {
    "_id": {
      "type": "string",
      "id": true,
      "required": true
    },
    "addresses": {
      "type": [
        "any"
      ],
      "required": false
    },
    "dob": {
      "type": "date",
      "required": false
    },
    "firstname": {
      "type": "string",
      "required": false
    },
    "gender": {
      "type": "string",
      "required": false
    },
    "lastname": {
      "type": "string",
      "required": false
    }
  },
  "validations": [],
  "relations": {},
  "acls": [],
  "methods": {}
}
